region,1961,1962,1963,1964,1965,1966,1967,1968,1969,1970,1971,1972,1973,1974,1975,1976,1977,1978,1979,1980,1981,1982,1983,1984,1985,1986,1987,1988,1989,1990,1991,1992,1993,1994,1995,1996,1997,1998,1999,2000,2001,2002,2003,2004,2005,2006,2007,2008,2009,2010,2011,2012,2013,2014,2015,2016,2017,2018,2019
Nigeria,92,93,93,93,92,89,89,88,91,96,87,81,79,87,81,74,77,77,77,76,78,78,78,77,81,78,79,86,89,90,96,100,102,104,106,108,109,110,113,110,109,108,106,109,110,113,102,103,95,99,90,95,89,99,100,99,96,93,92
Benin,56,52,51,51,51,50,53,55,52,53,54,53,54,52,52,58,56,57,59,56,52,52,51,60,57,63,56,64,67,66,71,68,73,71,76,82,82,83,85,88,89,98,100,105,95,88,89,96,92,92,102,99,106,108,100,104,112,99,98
C?te d'Ivoire,84,77,82,89,80,87,76,87,81,84,84,80,84,81,88,85,80,77,81,82,88,79,78,77,84,83,85,83,83,85,83,85,80,79,83,86,87,92,93,100,97,92,91,91,93,94,90,95,89,91,95,98,97,97,100,97,103,103,99
Ghana,57,55,54,58,52,53,54,52,53,51,53,51,51,53,50,45,40,41,41,41,39,36,37,41,41,45,44,45,48,43,55,54,58,56,60,64,62,66,70,69,68,75,74,74,78,74,74,79,84,84,88,88,92,98,100,101,101,104,106
Guinea,109,108,100,100,97,100,103,104,104,102,106,103,104,101,102,105,104,100,101,103,103,103,105,107,111,120,114,111,111,113,111,113,109,108,106,103,104,104,103,106,103,104,107,108,110,110,110,111,109,108,108,104,104,100,100,100,88,93,98
Guinea-Bissau,100,99,94,90,84,81,81,81,80,79,74,76,74,73,78,82,77,74,74,73,76,78,72,80,84,88,85,86,86,87,87,87,87,88,88,90,90,90,91,90,91,90,91,92,97,98,98,107,105,106,101,103,102,100,100,97,94,94,95
Liberia,158,155,147,141,145,169,144,143,143,164,168,155,160,159,161,163,160,151,147,149,144,149,143,147,151,153,149,151,149,117,103,109,101,97,92,100,118,121,128,130,127,122,119,121,124,119,128,127,117,116,113,116,112,103,100,97,92,93,84
Sierra Leone,76,80,79,83,80,83,81,79,87,81,81,81,82,79,83,82,84,83,79,76,75,78,77,83,79,85,81,81,83,71,74,71,70,70,69,70,72,67,61,59,62,70,87,88,87,98,89,91,107,114,117,120,119,108,100,96,95,94,101
Togo,90,89,89,87,84,80,82,86,92,92,93,91,89,88,89,84,82,82,82,85,85,79,74,70,77,74,74,69,72,72,75,74,81,82,83,93,96,94,95,86,94,94,91,96,95,97,100,105,107,103,111,103,92,103,100,97,103,103,107
Cameroon,65,68,70,74,68,66,71,71,67,69,69,73,73,77,74,69,66,64,65,62,63,67,65,68,66,69,64,66,68,70,71,69,71,71,74,77,72,73,77,76,74,73,72,72,84,86,88,90,92,95,95,99,100,100,100,101,98,95,94
Central African Republic,76,76,78,76,79,72,73,72,73,71,69,70,70,71,74,72,71,68,65,64,64,66,65,66,66,69,70,72,73,70,70,71,71,71,73,79,77,77,75,84,84,84,80,83,83,84,86,86,87,93,96,100,100,100,100,102,105,107,108
Congo DR,72,72,74,74,76,74,74,75,73,71,70,70,70,69,69,68,69,66,69,69,69,71,71,71,73,73,72,72,70,71,73,74,74,73,63,64,64,63,61,62,61,61,61,62,63,63,64,65,66,72,73,94,97,100,100,99,102,103,103
Congo Republic,80,78,76,75,75,74,85,75,71,67,69,66,69,67,69,68,73,71,73,74,75,71,68,69,66,67,69,73,72,70,67,67,67,69,72,71,71,70,72,73,74,81,83,83,91,94,96,99,97,100,99,101,99,97,100,99,118,121,111
Equatorial Guinea,275,312,317,337,314,317,303,307,260,293,228,173,181,183,156,139,135,140,143,153,165,149,148,150,146,146,155,153,145,181,176,163,169,162,167,156,148,141,132,128,120,121,117,111,111,112,111,110,108,107,106,104,100,98,100,99,100,101,99
Gabon,97,96,94,93,92,90,91,92,92,91,92,91,84,83,81,78,81,82,85,89,84,89,89,87,84,84,83,85,85,87,94,88,86,89,85,92,92,94,93,95,94,93,94,94,93,94,95,98,97,102,104,100,103,103,100,99,96,97,97
Sao Tome and Principe,171,174,154,192,181,194,188,182,158,161,175,194,196,195,149,133,133,146,150,129,136,121,124,109,115,122,120,126,109,97,99,120,127,132,125,142,165,176,165,156,157,156,149,141,146,143,136,133,128,131,123,122,130,116,100,134,138,125,165
Burundi,124,122,120,128,122,120,118,117,112,111,113,102,109,104,105,106,106,99,97,99,119,109,107,108,119,114,120,118,112,119,121,118,117,114,113,115,116,105,109,116,122,140,126,136,113,127,118,123,117,121,110,93,123,107,100,101,93,118,116
Kenya,89,89,88,88,86,86,86,89,90,91,92,93,94,93,92,97,105,102,106,105,106,112,108,102,105,113,111,115,115,113,117,118,115,112,117,109,109,115,117,108,113,116,116,120,129,126,131,132,127,127,113,110,108,103,100,95,90,87,91
Rwanda,101,126,91,92,101,98,110,112,112,110,110,107,110,104,114,119,120,119,124,121,128,131,128,116,133,127,126,120,130,115,128,139,113,91,114,119,117,128,133,135,127,151,137,133,137,138,131,130,149,155,150,148,146,103,100,98,106,104,105
Tanzania,79,80,82,82,79,86,84,80,80,81,80,79,80,78,85,84,87,86,89,82,85,90,92,92,93,93,92,91,94,98,97,95,94,93,97,91,85,86,93,86,86,93,75,83,83,87,86,83,81,87,92,90,93,93,100,92,93,100,101
Uganda,111,115,123,124,108,112,124,127,137,156,144,145,146,155,160,145,147,140,116,119,124,132,133,123,127,121,135,134,134,129,129,124,129,130,132,128,127,132,135,133,138,142,140,138,135,131,133,114,115,114,112,105,102,103,100,91,90,88,84
Djibouti,199,199,198,197,195,204,206,210,216,217,219,224,218,223,216,232,208,208,258,300,278,275,310,323,362,358,339,351,402,345,225,224,193,217,203,216,212,200,196,254,253,216,218,185,191,149,200,166,158,177,177,177,171,129,100,135,136,138,140
Eritrea,,,,,,,,,,,,,,,,,,,,,,,,,,,,,,,,,83,106,100,92,91,118,106,95,104,89,96,98,112,115,121,92,105,109,112,112,108,105,100,98,97,93,91
Ethiopia,,,,,,,,,,,,,,,,,,,,,,,,,,,,,,,,,66,60,63,69,70,66,67,68,67,80,80,78,83,88,98,102,102,112,107,107,102,99,100,99,94,92,92
Somalia,85,86,89,90,91,93,93,96,97,99,99,100,101,97,98,95,94,93,92,97,94,96,97,91,98,98,100,100,102,101,91,82,87,84,90,93,93,98,93,96,101,102,103,103,107,103,106,102,99,107,113,114,112,100,100,98,96,95,93
South Sudan,,,,,,,,,,,,,,,,,,,,,,,,,,,,,,,,,,,,,,,,,,,,,,,,,,,,89,92,97,100,102,104,104,106
Sudan,,,,,,,,,,,,,,,,,,,,,,,,,,,,,,,,,,,,,,,,,,,,,,,,,,,,102,97,97,100,95,100,100,99
Burkina Faso,63,66,65,69,67,66,64,72,66,67,64,63,57,60,66,60,58,62,65,63,65,64,64,67,73,75,68,73,70,74,81,78,81,77,76,80,75,81,82,75,90,89,92,88,96,99,83,99,91,97,92,101,107,111,100,97,90,90,98
Cabo Verde,112,114,115,119,119,115,113,99,102,107,99,93,94,90,92,97,109,114,101,110,99,96,89,100,110,107,124,123,114,104,92,96,99,90,99,89,92,101,120,124,123,113,111,115,121,112,119,112,120,118,104,104,107,100,100,98,92,84,86
Chad,76,81,85,82,79,83,79,83,81,77,75,70,69,77,80,78,76,80,79,80,83,85,84,77,82,85,86,92,91,88,91,90,84,91,90,95,98,104,103,103,109,110,111,107,109,103,104,104,97,108,96,109,100,100,100,102,98,98,102
Gambia,205,201,195,195,200,207,194,204,191,188,190,164,180,167,162,153,127,146,107,108,139,154,128,127,106,126,126,121,134,103,125,111,123,124,117,104,115,108,141,148,144,109,114,131,113,115,90,111,116,122,90,109,104,93,100,94,89,83,78
Mali,72,72,71,73,74,73,74,73,76,76,75,69,63,73,83,79,78,88,84,80,85,85,86,76,85,91,87,91,89,86,110,93,90,97,98,103,103,105,104,96,102,92,106,105,108,102,110,119,122,117,115,116,108,102,100,104,100,100,100
Mauritania,76,76,77,80,80,81,81,82,81,80,79,79,71,71,73,79,84,85,86,90,89,85,83,84,82,81,83,83,86,92,72,71,65,67,69,72,75,76,77,86,81,89,88,89,90,90,89,88,87,92,95,95,97,101,100,98,98,97,98
Niger,74,79,80,78,76,77,80,71,73,67,66,65,55,61,57,61,69,68,67,69,64,62,61,54,57,61,55,65,60,60,60,59,59,59,56,62,62,76,75,53,64,69,68,64,72,74,71,80,70,83,76,84,83,86,100,104,104,109,108
Senegal,100,103,102,98,98,87,91,77,84,66,89,59,67,80,96,87,56,83,64,58,86,84,63,66,76,83,90,75,86,77,77,69,72,70,78,69,66,66,83,82,80,55,75,74,83,73,66,88,93,97,74,88,86,86,100,94,110,124,120
Angola,78,77,74,77,77,77,76,72,72,72,70,67,67,67,64,54,49,47,44,45,42,43,42,42,41,42,42,42,42,43,46,47,46,51,51,54,54,57,55,60,66,71,74,74,79,78,85,91,100,102,102,93,108,100,100,95,91,92,92
Comoros,109,107,105,105,103,103,103,104,104,102,101,100,106,104,100,102,103,102,100,99,93,95,98,95,93,96,104,103,103,107,115,115,114,113,114,108,102,104,103,101,100,98,96,96,97,99,100,102,103,103,103,101,103,103,100,97,95,94,93
Madagascar,85,86,85,87,83,84,85,87,88,90,90,91,92,98,97,97,88,91,86,86,86,84,88,89,89,90,89,89,92,90,90,91,92,90,91,92,93,91,93,91,89,87,88,89,94,97,98,100,105,106,106,107,104,102,100,101,97,100,100
Malawi,39,41,40,41,40,40,44,40,39,38,42,42,43,42,42,42,45,44,43,43,43,44,42,42,42,41,39,42,41,41,60,53,61,60,63,69,66,71,75,80,84,68,72,72,65,77,88,86,96,92,96,97,108,106,100,99,110,113,116
Mauritius,113,106,127,98,129,110,128,114,127,113,119,135,137,138,107,153,134,140,139,98,115,136,114,111,121,127,126,116,110,114,115,117,111,102,104,106,114,110,87,104,118,105,106,114,105,103,97,100,104,104,105,105,100,102,100,101,101,97,107
Mozambique,148,150,149,150,143,144,147,153,149,154,151,154,153,150,142,136,133,128,124,124,123,119,119,120,117,121,121,123,125,123,124,108,120,115,128,135,135,134,137,125,130,106,131,129,111,118,114,96,112,113,116,119,103,104,100,96,105,105,103
Zambia,54,53,53,56,57,59,58,57,56,52,55,60,55,55,64,67,64,61,58,59,60,57,59,61,61,63,59,71,67,64,76,63,82,73,70,77,72,71,77,75,73,75,76,77,80,75,77,84,92,98,101,102,99,105,100,102,116,118,111
Zimbabwe,102,106,98,109,102,115,109,94,113,96,114,126,111,120,113,123,125,124,119,114,118,107,95,110,133,125,109,128,123,119,124,97,125,120,101,121,118,118,117,124,126,98,108,119,89,92,96,89,93,96,94,106,103,103,100,95,102,118,115
Botswana,115,126,137,151,156,163,149,148,138,144,151,152,141,138,130,137,128,110,148,104,128,142,136,149,144,143,128,123,124,135,221,218,210,184,211,170,157,150,132,141,156,135,138,142,147,139,137,132,123,130,133,129,110,90,100,91,91,86,88
Eswatini,45,46,51,48,47,54,57,54,54,60,64,69,65,70,72,73,71,79,75,83,91,90,94,89,90,99,97,89,89,91,92,88,90,89,83,87,82,81,84,81,83,89,89,93,98,98,96,97,98,100,104,103,101,99,100,101,97,95,97
Lesotho,73,73,74,69,69,77,74,74,77,71,71,64,75,82,73,64,86,81,79,78,83,82,84,86,77,77,72,75,80,82,89,95,101,93,109,98,101,100,105,99,102,95,91,94,103,84,98,97,92,98,107,103,107,99,100,110,92,86,105
Namibia,136,116,142,142,138,128,146,152,147,158,169,185,190,188,139,153,139,150,153,159,173,138,119,121,131,133,143,139,147,125,89,80,87,88,84,83,76,81,94,114,106,99,105,102,101,103,111,114,113,113,113,105,104,97,100,102,106,103,105
South Africa,52,51,54,54,54,51,59,51,51,50,55,58,49,57,55,55,58,61,59,61,65,59,54,56,59,60,63,66,69,70,72,63,67,70,62,73,79,69,75,79,79,83,86,84,87,81,85,95,95,100,98,97,102,106,100,98,104,109,106
Belize,50,40,42,51,52,58,60,65,59,60,65,66,69,75,67,64,76,82,73,84,82,87,80,80,78,80,83,77,81,84,76,88,93,92,105,109,116,110,117,131,131,110,128,154,155,138,120,115,114,123,102,121,108,110,100,84,88,87,82
Costa Rica,40,40,42,42,43,45,47,51,55,58,62,62,65,62,67,69,70,68,70,68,68,63,66,67,70,71,73,74,84,90,95,97,97,98,107,107,101,101,103,103,102,97,99,99,102,109,104,102,102,104,105,107,107,104,100,102,102,98,99
El Salvador,84,85,91,89,92,91,91,86,90,90,95,95,96,106,109,102,101,108,109,107,101,101,100,107,102,96,93,90,91,97,100,105,98,97,99,101,101,99,106,100,99,99,97,102,105,110,112,117,113,109,103,113,102,106,100,105,104,104,109
Guatemala,28,30,32,33,33,33,32,35,36,36,36,38,39,40,40,43,44,44,42,43,44,44,41,42,43,43,43,44,48,50,49,48,49,50,55,57,56,55,54,54,58,62,61,64,68,69,74,78,83,82,85,90,95,97,100,102,94,96,98
Honduras,60,60,60,62,62,70,73,75,75,72,75,77,73,66,57,63,66,73,71,75,78,74,65,62,64,62,66,69,70,73,70,70,71,77,76,82,78,78,67,76,78,85,93,99,101,102,106,109,99,98,105,110,102,97,100,103,108,107,106
Mexico,49,53,54,57,60,62,62,63,61,64,65,68,68,69,69,69,74,79,76,80,79,77,78,77,75,75,73,68,62,66,64,65,65,69,73,74,75,76,78,79,82,82,84,87,88,91,93,95,93,94,94,97,97,99,100,103,107,108,108
Nicaragua,68,75,79,89,90,87,92,92,92,90,93,97,94,100,100,97,97,103,108,65,68,69,68,69,60,59,56,52,53,51,58,56,54,56,60,59,60,61,68,74,73,73,83,79,90,89,93,97,107,105,111,109,112,107,100,103,110,112,114
Panama,103,100,99,100,102,102,106,125,129,121,124,121,119,119,123,124,130,128,124,120,122,127,128,128,130,124,137,132,135,137,135,128,130,127,127,123,124,122,118,111,112,112,111,110,110,115,118,114,105,102,106,105,103,104,100,98,99,98,95
Bahamas,59,61,64,64,67,67,71,69,69,74,71,76,94,104,105,108,90,90,91,88,95,90,86,88,83,81,85,86,81,81,73,77,79,81,85,91,88,106,107,77,75,77,84,81,98,95,94,97,90,103,105,105,105,100,100,97,96,95,95
Cuba,141,109,96,97,116,102,114,106,95,126,99,91,91,96,90,95,97,107,111,100,110,112,110,118,111,110,109,113,116,116,112,100,76,76,72,87,83,82,95,109,107,112,115,120,97,88,97,98,101,92,93,98,100,98,100,103,101,96,88
Dominican Republic,73,73,71,72,64,67,65,64,71,72,74,73,76,73,70,76,74,75,74,73,75,78,77,76,73,73,73,73,75,65,61,65,65,62,66,67,64,65,63,66,75,75,77,73,76,81,83,76,82,82,88,89,94,98,100,102,101,103,107
Haiti,59,57,59,59,60,59,61,60,61,62,62,66,67,68,69,69,67,69,70,71,70,71,72,71,71,70,68,67,67,67,68,63,66,64,64,66,68,67,69,70,68,69,70,72,76,76,81,80,85,91,96,100,106,102,100,97,95,90,91
Jamaica,104,104,108,105,110,109,118,111,105,109,113,111,102,100,95,97,95,102,97,93,91,87,89,95,92,92,94,94,87,102,100,104,103,109,112,117,107,105,110,101,104,104,106,102,99,102,104,102,103,95,97,99,97,96,100,109,106,108,107
Lesser Antilles,107,108,107,103,117,117,113,107,110,103,102,96,94,97,92,95,97,101,90,81,88,91,88,92,89,98,93,106,99,100,96,102,103,89,91,101,104,98,101,100,94,105,99,98,95,93,85,88,93,90,96,93,93,98,100,101,99,101,98
Puerto Rico (USA),85,84,88,91,86,92,89,83,81,85,82,84,84,85,85,89,89,95,99,101,100,95,95,92,93,97,110,105,105,101,107,115,118,110,110,107,104,105,93,105,99,98,97,106,96,105,113,110,111,113,111,106,104,101,100,101,101,101,100
Trinidad and Tobago,189,162,171,168,182,183,180,193,185,190,180,187,157,157,161,171,161,145,141,145,123,132,122,115,120,119,118,121,111,118,114,111,114,119,118,119,114,105,116,134,132,165,151,149,150,150,156,127,138,152,146,145,136,127,100,107,105,102,94
French Guiana (France),78,79,79,68,69,68,69,66,59,82,94,91,83,85,68,58,58,60,62,57,51,49,56,54,60,60,58,64,66,72,82,75,93,95,93,96,94,94,93,87,92,85,86,87,82,81,82,82,82,84,96,96,97,99,100,101,103,96,104
Guyana,72,72,64,72,69,71,71,65,74,71,74,66,64,75,72,66,72,74,67,68,71,72,66,72,71,74,67,63,60,55,62,68,73,78,88,88,88,78,84,79,81,79,84,81,72,73,73,70,78,75,82,79,88,87,100,89,93,111,114
Suriname,82,93,92,89,107,107,122,125,115,121,116,107,121,119,132,124,129,135,142,148,153,156,140,153,150,146,137,137,136,115,130,136,129,123,121,111,110,93,91,83,87,75,76,77,81,84,91,84,95,100,97,103,107,103,100,100,103,99,98
Venezuela,57,57,60,63,66,69,71,71,77,78,78,78,79,81,84,80,85,87,89,90,90,89,91,85,88,89,87,92,90,97,90,93,96,93,91,93,98,99,102,102,104,105,100,96,101,102,100,100,101,101,107,101,100,99,100,98,98,100,100
Bolivia,41,42,44,44,44,45,46,48,49,52,53,57,61,61,65,66,64,63,63,68,66,68,55,63,68,67,68,71,70,77,73,69,70,74,79,79,77,79,78,80,75,77,84,81,78,81,85,88,92,85,85,95,90,88,100,95,90,91,90
Colombia,54,59,57,59,59,59,58,60,61,63,64,62,63,65,69,71,73,76,78,78,80,75,72,73,71,71,70,74,77,83,86,86,83,83,89,89,89,90,92,93,91,92,91,94,93,98,101,106,96,91,91,96,102,100,100,102,118,126,128
Ecuador,58,58,57,67,69,63,60,62,61,61,59,56,56,60,61,61,63,60,60,62,61,72,64,66,68,71,74,79,79,73,68,77,76,76,77,80,82,74,83,70,75,72,76,75,81,80,86,91,96,99,99,98,94,97,100,89,90,87,98
Peru,69,70,67,71,70,76,76,71,75,78,78,72,70,72,71,69,69,67,67,64,68,71,68,70,71,66,69,75,77,72,74,68,69,74,77,80,82,74,81,82,77,79,78,78,79,82,86,94,92,94,102,107,105,102,100,102,98,106,110
Brazil,30,30,30,29,33,30,32,32,33,33,33,33,31,33,32,32,33,32,33,36,38,37,40,37,40,39,43,44,46,44,48,45,45,48,50,51,53,55,57,62,64,66,66,66,70,74,77,85,85,87,91,91,96,96,100,97,106,107,107
Argentina,57,58,62,56,53,57,61,59,62,61,57,56,59,62,63,71,72,78,79,74,78,80,76,77,77,78,73,75,71,79,81,78,75,76,83,79,84,89,92,93,92,92,92,87,99,93,95,103,89,93,93,87,94,91,100,92,96,87,98
Chile,32,33,33,33,32,35,35,38,35,36,36,34,30,35,37,36,38,38,41,41,43,44,40,41,40,40,41,43,47,51,51,52,56,60,64,67,69,68,65,70,81,80,80,81,84,89,85,90,91,89,96,101,102,103,100,98,100,105,105
Paraguay,65,65,65,69,73,69,71,72,71,75,74,75,73,75,69,71,79,76,75,73,76,76,77,81,85,75,75,85,89,89,81,77,82,75,78,78,77,78,75,72,80,66,69,63,65,69,74,81,69,92,87,66,97,98,100,96,118,112,92
Uruguay,70,71,73,84,76,73,68,82,86,97,82,79,80,88,89,99,87,85,80,90,105,108,119,97,99,101,95,105,114,106,104,105,102,110,108,113,119,114,124,117,100,109,104,116,129,130,113,115,107,113,111,111,95,104,100,99,101,89,102
Japan,41,43,44,45,46,46,48,51,50,51,51,55,55,57,60,58,61,60,61,61,63,64,64,66,67,68,68,68,69,69,70,73,70,75,75,75,75,74,75,80,81,80,79,80,82,82,84,87,89,88,89,91,95,98,100,101,101,100,101
"Korea, Republic",28,27,29,33,33,34,31,31,34,34,34,33,32,34,38,42,44,46,49,44,47,49,50,52,55,57,56,59,59,60,59,66,67,69,70,74,78,77,82,82,84,81,82,83,85,90,91,95,98,95,93,95,96,100,100,102,103,104,109
Taiwan,40,40,39,44,47,48,50,51,52,55,56,55,58,58,54,59,63,63,72,73,71,73,73,76,78,76,84,84,84,87,87,86,91,92,94,96,96,91,93,95,98,102,101,100,97,102,100,100,98,99,105,104,105,105,100,97,101,104,99
China,38,39,40,40,42,43,43,42,41,42,41,39,41,40,39,38,38,41,41,40,42,44,46,50,50,50,51,51,51,51,52,54,60,62,66,68,70,72,73,75,75,75,76,79,81,82,85,89,89,91,92,94,96,99,100,101,103,105,105
"Korea, DPR",62,60,63,65,61,63,60,59,64,64,66,65,68,70,73,74,76,75,77,75,78,73,75,78,79,84,86,85,89,87,103,101,99,102,95,92,85,95,90,89,95,98,99,99,100,99,93,98,98,96,97,98,99,101,100,98,96,92,132
Mongolia,88,82,74,75,78,83,87,82,84,84,81,84,83,89,96,90,85,95,94,89,90,91,93,91,91,97,93,89,95,94,95,86,79,75,78,84,74,78,84,80,64,61,52,67,61,59,61,68,81,68,71,73,80,80,100,93,92,113,118
Brunei Darussalam,9,11,10,9,9,8,9,9,10,10,11,10,12,17,16,16,15,15,15,17,20,21,22,22,26,22,17,15,22,19,21,28,29,32,33,29,36,41,51,52,59,60,67,71,52,87,88,90,86,89,99,102,106,113,100,91,83,86,65
Cambodia,59,52,61,65,60,55,53,62,53,66,57,46,35,29,34,37,36,34,26,42,39,44,46,35,42,43,39,46,45,43,42,42,42,40,49,49,48,48,52,53,52,49,57,55,67,71,73,77,77,79,87,90,93,95,100,110,112,119,124
Indonesia,41,43,41,43,42,43,42,45,47,50,50,50,52,53,53,53,54,56,57,59,60,57,58,59,59,58,58,58,60,62,64,67,69,69,73,74,71,67,66,65,66,68,69,72,74,78,76,80,80,86,89,93,97,98,100,101,111,113,114
Laos,31,30,29,36,34,34,35,33,35,36,34,33,34,34,33,30,32,28,34,36,38,37,37,40,40,40,37,34,41,43,38,41,39,44,40,40,43,44,50,55,55,60,58,59,59,58,61,60,65,70,76,79,80,89,100,99,92,94,97
Malaysia,34,34,34,34,36,36,36,40,43,44,45,45,48,50,50,52,51,51,53,54,55,58,55,58,60,63,62,66,69,71,73,74,78,76,78,75,78,73,78,78,87,87,90,93,97,98,97,107,105,104,109,103,100,97,100,96,101,99,103
Myanmar,42,46,47,46,44,39,41,42,41,42,42,39,42,41,42,42,43,45,45,50,53,54,54,55,55,54,53,51,50,49,47,53,55,58,59,60,58,58,65,67,70,71,76,81,88,94,96,100,103,103,98,96,98,98,100,99,99,101,100
Philippines,54,56,58,57,56,56,56,55,56,57,58,54,51,57,63,68,71,65,66,68,70,70,65,68,66,68,69,69,72,76,78,76,77,78,76,81,79,74,79,82,84,85,86,88,90,92,96,97,96,95,97,99,100,99,100,99,105,105,104
Thailand,40,41,43,41,42,47,42,43,45,45,46,47,53,59,58,60,57,61,60,57,62,61,60,59,60,55,55,56,58,56,61,61,62,65,68,70,71,69,74,79,84,84,91,95,93,96,102,99,100,97,99,101,100,104,100,105,107,108,105
Timor-Leste,100,100,99,103,102,102,111,100,105,100,100,99,99,96,96,94,99,101,102,102,102,100,98,101,100,98,97,95,89,91,90,87,90,85,86,81,82,76,75,80,79,84,80,79,82,81,80,86,92,92,82,87,91,90,100,96,95,91,94
Vietnam,40,41,40,40,40,38,40,38,38,41,41,42,41,41,39,44,41,41,46,47,49,52,51,53,52,53,53,54,57,57,56,59,61,62,64,65,66,67,69,70,71,74,77,82,84,88,93,97,98,95,97,101,101,102,100,100,103,106,109
Fiji,137,157,173,172,156,151,142,165,155,165,149,130,133,117,114,114,127,127,147,133,139,142,105,144,121,141,115,116,132,133,109,110,108,113,114,111,105,91,117,118,107,110,106,111,115,124,112,109,96,78,91,77,89,96,100,78,105,118,114
New Caledonia (France),83,81,81,87,86,80,75,75,72,67,72,73,69,56,58,52,52,50,51,53,50,50,50,50,56,52,46,46,48,52,54,57,58,62,62,64,62,71,78,78,80,81,79,92,93,92,84,89,88,80,86,92,89,91,100,95,93,96,97
Papua New Guinea,91,93,93,94,94,96,94,93,93,93,92,93,91,94,95,96,95,96,97,99,96,102,104,102,105,101,107,105,105,100,107,110,109,103,102,104,104,105,105,103,97,102,103,100,98,99,107,98,102,102,105,103,103,100,100,98,97,96,97
Solomon Islands,147,146,142,142,135,138,131,117,125,130,129,124,124,122,123,121,122,112,123,125,132,135,131,146,151,144,118,120,122,119,122,125,124,127,138,139,142,142,143,124,118,112,113,128,141,140,146,148,138,101,95,93,96,96,100,104,94,93,94
Vanuatu,167,158,167,171,139,149,166,146,147,135,143,98,107,127,129,142,144,149,151,136,146,129,139,161,148,142,142,132,115,146,120,114,113,116,117,115,132,133,110,93,94,100,104,104,104,99,92,99,96,116,107,111,115,104,100,96,95,96,95
Micronesia,33,30,27,29,36,35,40,30,30,31,35,28,35,42,27,34,34,39,36,33,40,36,30,42,42,44,45,47,34,31,47,47,44,56,78,84,81,79,80,75,73,72,76,81,81,95,92,94,95,96,95,99,98,99,100,102,102,94,93
Polynesia,118,120,120,120,111,112,107,108,117,107,112,110,105,108,112,105,102,93,99,103,95,98,91,88,92,93,86,82,85,80,76,73,77,73,76,78,80,78,79,83,86,91,94,93,99,100,108,109,113,114,117,114,114,104,100,97,98,97,97
Bangladesh,69,64,69,67,68,64,69,67,68,65,60,59,64,62,65,62,65,64,62,69,68,70,69,68,70,70,68,66,68,68,68,69,68,64,64,68,69,70,75,78,76,77,79,77,86,88,90,96,94,97,100,100,100,100,100,98,103,100,99
Bhutan,70,71,73,74,74,73,74,74,75,72,73,72,72,71,71,70,69,70,69,71,74,73,72,77,71,70,75,64,65,73,107,107,108,109,112,110,107,103,107,99,95,94,93,94,113,117,117,101,100,106,117,113,107,107,100,108,108,95,99
India,49,48,49,50,47,46,48,50,51,53,53,50,53,51,55,54,57,57,54,55,57,56,61,61,62,61,61,65,67,67,67,68,69,70,71,72,72,71,73,72,72,67,73,71,74,78,84,84,81,87,94,97,100,102,100,104,110,114,115
Nepal,58,58,58,59,60,57,58,59,60,60,59,56,60,59,60,58,56,56,53,56,57,53,62,61,62,59,64,67,69,71,72,67,71,67,70,69,70,70,73,76,77,78,80,84,85,84,83,88,91,90,95,101,96,100,100,100,103,103,106
Pakistan,43,45,46,46,47,46,49,52,52,53,53,53,53,55,54,54,55,54,57,56,58,58,57,60,63,64,68,66,70,71,81,77,79,79,87,84,85,83,84,84,82,87,88,90,91,88,91,92,96,94,97,96,107,100,100,96,112,116,117
Sri Lanka,62,65,62,62,59,60,66,66,66,68,66,65,64,67,71,69,70,73,82,84,80,75,81,75,75,74,64,67,63,68,78,75,85,85,90,81,81,74,76,79,78,82,81,76,83,84,86,89,85,94,90,90,98,91,100,101,85,102,104
Armenia,55,48,49,47,46,46,48,48,44,43,41,40,42,42,40,37,37,41,41,40,44,44,37,44,41,41,41,41,40,45,44,43,44,51,50,51,46,49,49,48,51,54,57,59,69,65,72,86,81,72,75,84,88,92,100,159,164,147,126
Azerbaijan,127,109,105,112,109,105,115,115,108,109,97,95,111,107,103,94,102,104,114,111,106,123,100,108,109,104,95,92,93,129,130,103,92,93,89,99,91,84,80,84,83,93,107,115,125,111,103,99,100,101,104,104,107,102,100,105,111,112,116
Georgia,161,145,140,147,138,136,147,144,133,134,115,121,134,134,127,114,123,127,134,130,124,105,100,127,115,108,108,100,92,136,119,98,104,131,142,132,140,133,146,129,130,119,133,127,148,97,108,97,95,94,97,94,105,101,100,96,91,105,113
Bahrain,85,84,84,85,87,81,82,80,82,84,81,68,66,69,86,103,120,112,116,128,52,59,50,53,59,45,72,55,48,35,36,38,43,37,38,36,44,46,48,56,51,35,35,33,33,39,42,39,47,38,52,72,91,84,100,106,96,95,98
Cyprus,68,67,60,68,79,80,94,81,94,82,93,86,67,93,77,84,89,96,102,103,99,94,97,102,103,98,102,109,112,106,91,100,106,96,113,110,102,111,117,128,123,126,119,123,114,106,108,109,111,116,125,127,110,99,100,103,108,104,122
Iran,55,57,55,56,56,55,53,56,56,56,53,56,53,52,50,54,51,59,52,54,56,57,55,56,58,63,60,59,54,65,64,69,75,73,73,77,75,82,79,79,77,87,86,81,88,88,96,78,82,85,91,92,99,97,100,98,91,82,91
Iraq,188,220,187,214,215,211,195,183,188,183,182,187,188,171,173,170,162,156,141,155,147,166,147,137,169,158,136,138,145,162,131,140,147,144,153,156,156,163,156,160,170,163,170,200,149,145,146,140,143,158,160,163,158,155,100,94,94,85,134
Israel,42,45,46,51,50,49,54,57,56,56,59,64,64,68,65,66,66,69,67,67,66,67,73,68,71,66,69,64,65,73,66,68,68,67,74,78,76,79,79,84,83,88,84,91,93,93,99,100,98,98,99,104,99,98,100,99,91,87,87
West Bank and Gaza,,,,,,,,,,,,,,,,,,,,,,,,,,,,,,,,,,141,161,157,136,148,123,153,134,158,148,159,144,152,139,148,138,128,126,134,139,120,100,114,109,106,102
Jordan,116,90,87,113,97,83,104,59,58,46,61,64,41,68,44,37,41,55,36,53,52,47,50,51,58,54,58,54,47,66,61,64,57,68,64,59,60,63,53,66,62,76,69,85,86,89,91,92,88,103,101,90,88,87,100,99,95,100,95
Kuwait,100,101,109,84,100,101,75,68,88,94,94,87,87,89,84,89,88,92,96,108,80,63,83,79,98,101,102,100,90,77,19,29,55,60,77,70,83,87,80,77,68,76,86,88,84,82,88,75,92,93,135,127,102,100,100,111,102,121,133
Lebanon,68,66,63,61,66,60,68,63,52,52,55,56,51,67,67,55,51,61,62,78,68,80,74,74,87,95,100,100,103,115,122,126,120,129,123,120,103,98,100,106,95,110,102,108,106,109,106,112,95,98,89,87,92,102,100,105,105,105,99
Oman,84,84,84,82,81,82,80,78,84,83,83,81,74,69,64,66,69,79,69,75,82,89,93,93,76,86,84,74,74,68,67,72,80,75,69,89,111,106,121,121,115,115,103,106,105,97,102,95,97,122,104,118,117,104,100,105,108,116,114
Qatar,127,140,147,148,156,163,171,183,186,178,191,194,97,88,51,44,90,92,93,76,81,91,83,80,79,78,73,75,79,83,98,93,85,71,78,98,109,101,104,112,87,98,89,87,92,85,92,70,92,85,88,86,84,75,100,79,85,90,83
Saudi Arabia,139,136,134,150,132,117,162,126,141,147,220,138,144,186,200,150,146,130,112,87,68,75,74,81,81,80,87,98,95,109,101,101,95,99,94,88,94,106,93,92,112,108,105,124,113,109,108,115,120,117,110,99,104,94,100,104,115,134,145
Syria,42,56,54,57,54,46,52,48,52,36,41,45,32,49,49,51,47,51,43,56,59,61,54,49,54,59,53,63,45,48,47,53,44,47,50,53,46,56,47,51,53,63,56,53,56,62,56,51,57,56,68,69,78,71,100,101,87,89,98
Turkey,86,86,83,80,73,75,70,68,64,69,69,66,60,70,67,64,63,64,62,66,66,67,65,65,67,76,71,76,74,73,74,74,71,77,75,77,76,79,76,79,77,79,78,76,82,85,85,92,90,93,96,100,99,96,100,99,103,107,109
United Arab Emirates,361,362,364,354,352,375,323,270,241,236,198,130,116,123,106,87,107,113,91,103,89,109,112,96,90,92,80,92,90,87,97,102,103,99,115,124,137,127,131,156,108,85,81,98,86,74,71,75,122,129,76,79,79,100,100,110,108,123,119
Yemen,65,66,67,67,68,65,65,64,62,61,69,64,66,63,62,67,69,56,57,61,59,60,56,58,57,65,70,69,68,58,56,63,66,63,64,67,65,70,71,75,82,82,95,80,92,89,83,95,98,99,105,100,98,95,100,84,84,87,90
Afghanistan,65,64,62,65,64,62,62,63,62,56,52,55,62,60,60,62,55,59,60,60,64,62,62,61,60,59,59,63,63,70,81,79,80,86,87,90,96,100,100,88,79,91,93,88,92,85,92,87,99,99,97,103,99,105,100,100,99,107,125
Kyrgyzstan,50,50,50,48,49,49,51,50,48,47,47,45,49,47,47,44,44,45,48,45,41,43,43,40,40,42,42,46,51,52,55,50,49,59,60,64,67,69,72,74,82,78,82,85,77,81,85,90,86,89,89,88,88,88,100,104,106,113,111
Tajikistan,65,67,62,65,65,63,64,64,64,63,62,57,67,62,59,59,59,61,63,58,55,55,54,55,55,53,51,54,51,61,51,46,45,54,50,44,46,44,45,50,54,59,59,64,61,63,65,67,74,76,81,87,95,95,100,99,133,142,149
Turkmenistan,77,81,74,79,79,75,74,73,73,73,73,65,77,70,70,68,66,68,72,67,66,65,68,67,68,65,66,69,68,78,75,68,70,87,89,73,74,81,91,88,91,85,87,90,91,85,89,87,93,97,97,93,93,100,100,101,105,99,117
Uzbekistan,70,73,68,73,72,69,69,70,70,70,70,64,77,69,67,68,66,69,72,68,72,69,73,63,61,59,56,62,58,65,59,57,59,69,72,68,69,72,78,80,80,76,77,83,81,84,83,85,87,90,91,92,95,99,100,97,95,90,89
Algeria,99,98,102,92,108,70,77,93,76,75,66,59,56,62,63,57,46,45,50,51,52,47,47,45,50,49,49,51,54,55,68,71,65,60,78,92,67,71,73,69,70,71,79,86,86,91,84,93,96,96,102,100,106,99,100,105,105,106,115
Egypt,50,59,59,58,54,56,55,57,58,56,58,56,57,56,55,56,56,57,59,58,57,58,59,58,61,62,64,63,63,73,77,77,77,77,77,82,82,81,85,86,83,89,92,91,92,97,100,102,98,94,97,102,97,102,100,98,101,103,107
Libya,45,42,44,41,64,63,62,65,57,57,48,72,83,74,75,85,60,77,66,73,73,72,68,72,77,78,67,70,75,76,75,72,78,84,96,109,96,101,100,148,105,127,100,90,87,86,92,94,89,101,97,97,101,97,100,101,98,101,103
Morocco,68,65,67,70,73,70,61,70,60,61,63,59,56,58,52,56,49,54,56,55,53,62,54,56,55,62,61,69,77,71,81,67,65,81,57,78,69,76,70,63,68,72,79,79,76,88,74,83,93,91,94,91,87,89,100,80,91,99,95
Tunisia,64,60,77,77,72,59,65,62,51,63,84,66,73,70,81,67,70,61,58,69,55,48,66,60,68,62,67,49,62,71,84,70,79,60,56,92,64,78,82,70,60,59,89,76,79,80,79,84,80,78,78,85,85,80,100,82,83,85,92
Belarus,82,77,81,77,79,79,83,81,79,77,78,75,78,82,77,76,76,79,71,70,80,69,79,83,77,83,84,77,87,80,83,77,87,76,78,77,71,70,68,67,73,76,77,82,84,85,86,90,89,90,83,93,93,97,100,106,105,93,99
Kazakhstan,60,59,50,68,44,67,54,61,58,59,60,61,66,55,48,63,50,60,68,57,53,50,52,45,51,53,54,54,53,64,47,62,56,58,53,53,61,58,67,56,64,65,64,65,70,74,80,75,81,75,87,76,82,94,100,108,115,121,121
Moldova,116,102,96,101,105,104,107,101,99,99,91,93,104,98,104,88,99,101,105,97,96,114,102,109,88,103,98,108,120,108,105,91,107,79,86,77,80,65,67,61,62,72,90,100,98,101,91,118,100,103,104,93,93,132,100,102,94,119,124
Russian Federation,80,78,73,76,71,78,78,82,72,76,75,67,79,74,67,72,69,74,66,65,59,65,69,67,65,68,67,68,72,73,69,72,76,78,78,78,79,73,74,75,76,83,83,82,83,84,88,87,91,86,93,95,96,100,100,99,104,117,124
Ukraine,72,63,62,63,66,68,69,66,65,64,66,60,67,62,65,64,66,67,62,59,61,64,62,65,61,65,67,66,72,70,64,62,66,58,59,58,59,53,54,57,66,63,64,66,68,68,65,74,76,69,73,79,83,100,100,106,115,104,109
Albania,53,54,52,56,52,53,53,49,52,51,53,52,55,52,50,52,52,51,52,52,52,52,54,52,53,51,53,49,52,54,52,56,63,64,70,70,68,70,70,72,74,74,79,80,82,82,85,86,89,91,91,96,99,99,100,101,103,103,99
Bulgaria,73,80,79,77,82,86,84,83,83,82,81,83,83,78,78,83,77,82,83,80,83,88,81,88,78,87,84,82,87,85,80,86,79,82,94,78,86,89,93,105,87,90,86,92,80,88,72,98,86,96,97,93,110,107,100,102,103,100,103
Czechia,,,,,,,,,,,,,,,,,,,,,,,,,,,,,,,,,118,96,100,100,97,100,104,98,99,93,89,102,98,99,101,104,98,92,99,91,96,107,100,104,99,97,98
Slovakia,,,,,,,,,,,,,,,,,,,,,,,,,,,,,,,,,103,106,105,110,112,111,113,100,106,111,105,118,119,109,106,118,103,87,97,91,99,110,100,113,107,108,105
Hungary,56,56,61,58,56,61,59,57,64,55,58,60,63,61,61,61,64,65,64,69,67,72,68,71,71,73,72,76,77,82,84,84,82,84,85,87,90,90,84,85,97,86,80,104,95,95,84,108,96,85,93,84,95,106,100,107,101,93,99
Poland,86,80,84,85,83,85,84,84,77,80,74,76,77,75,75,78,72,76,78,67,73,72,76,79,78,81,78,78,80,90,87,79,90,76,80,84,80,87,84,85,86,86,87,88,86,86,86,87,94,94,96,98,99,104,100,109,109,107,106
Romania,101,96,92,91,92,102,97,96,95,82,92,97,92,92,90,103,100,97,101,95,94,100,98,104,97,98,89,96,92,92,98,85,102,97,102,97,101,87,91,80,89,88,93,109,97,98,78,97,98,93,99,88,99,103,100,106,122,119,117
Croatia,,,,,,,,,,,,,,,,,,,,,,,,,,,,,,,,56,58,53,56,57,59,65,65,56,61,66,53,61,64,72,74,80,84,78,80,82,87,91,100,108,105,91,89
Slovenia,,,,,,,,,,,,,,,,,,,,,,,,,,,,,,,,83,101,100,100,95,92,95,93,94,97,106,105,100,98,97,93,95,95,97,97,92,88,89,100,106,102,103,106
Bosnia and Herzegovina,,,,,,,,,,,,,,,,,,,,,,,,,,,,,,,,119,112,102,109,92,94,94,88,67,71,87,82,93,92,99,99,103,105,105,103,94,106,91,100,107,92,110,95
North Macedonia,,,,,,,,,,,,,,,,,,,,,,,,,,,,,,,,84,66,63,65,68,67,68,67,70,66,60,71,75,77,81,85,86,90,96,92,93,96,91,100,100,87,101,101
Montenegro,,,,,,,,,,,,,,,,,,,,,,,,,,,,,,,,,,,,,,,,,,,,,,102,76,71,64,63,73,64,113,103,100,108,98,97,100
Serbia,,,,,,,,,,,,,,,,,,,,,,,,,,,,,,,,,,,,,,,,,,,,,,102,98,97,104,103,108,110,101,103,100,112,103,112,109
Estonia,173,167,172,165,169,167,179,175,168,162,161,152,156,169,161,156,157,154,150,147,133,143,137,149,136,150,140,141,153,138,128,98,89,95,99,91,85,81,76,75,73,72,81,83,80,85,83,80,82,84,87,89,89,92,100,87,101,84,109
Latvia,94,90,93,90,94,93,101,101,99,98,101,93,97,103,98,96,96,94,93,87,91,93,95,104,94,101,95,96,104,96,92,90,81,68,79,66,67,62,59,56,57,61,63,64,68,67,76,83,76,77,71,81,82,82,100,93,95,72,90
Lithuania,90,86,89,86,92,92,98,98,96,94,98,88,92,98,95,94,93,94,89,84,93,93,94,104,100,105,101,108,114,104,106,82,73,65,66,72,73,71,67,72,70,75,76,78,73,74,78,86,81,77,80,90,83,87,100,92,98,76,85
Finland,67,69,67,69,68,64,63,62,63,62,64,66,59,59,64,72,69,69,71,68,65,67,74,75,74,76,70,75,82,92,94,92,99,99,99,101,102,79,82,88,88,92,89,91,95,96,93,99,99,93,98,95,101,99,100,102,102,96,105
Iceland,88,87,86,84,85,82,83,75,76,67,69,79,76,81,81,74,71,82,75,81,79,75,68,70,71,72,70,60,61,63,64,68,64,69,67,65,67,69,67,72,71,69,74,84,81,84,74,85,85,84,86,95,95,94,100,118,130,130,170
Norway,20,19,20,19,19,18,19,20,19,18,18,18,18,21,20,19,20,21,20,20,21,22,21,23,23,23,24,26,26,31,30,27,29,31,34,37,38,41,44,44,46,49,50,53,56,58,65,68,75,79,86,97,94,96,100,98,95,101,109
Sweden,58,60,58,57,58,56,57,58,54,56,56,56,55,64,59,62,63,64,64,66,67,69,69,76,76,78,71,76,83,91,82,78,85,81,85,89,90,92,90,91,92,93,94,98,98,103,91,97,95,101,97,95,93,101,100,99,101,100,122
Greece,53,45,49,47,51,51,52,51,51,55,53,56,56,60,64,61,60,63,61,68,71,70,67,70,72,69,68,73,77,68,81,83,84,83,82,79,77,82,86,86,86,87,81,90,94,89,86,90,91,91,93,98,89,94,100,98,99,77,79
Italy,38,39,40,43,42,44,47,46,49,50,49,48,53,56,57,54,56,55,59,64,63,64,71,65,67,67,71,69,74,68,73,77,79,80,81,84,85,85,92,90,88,87,87,101,100,94,96,105,109,104,104,99,100,93,100,97,94,96,93
Malta,61,63,65,63,63,60,62,74,74,71,72,74,71,68,71,70,66,68,66,61,71,71,74,73,80,82,78,77,82,79,86,91,96,108,108,122,115,118,120,114,112,115,109,109,106,117,107,123,120,113,107,105,101,104,100,102,112,106,79
Portugal,51,55,58,54,60,46,54,52,51,56,47,47,48,50,46,43,39,41,47,43,40,48,42,47,48,49,56,46,59,64,71,64,63,64,68,71,67,63,73,67,67,71,70,76,74,77,72,77,81,84,81,79,84,86,100,94,105,95,102
Spain,30,29,34,31,33,33,30,31,30,33,32,36,39,40,42,42,41,46,49,52,50,55,49,56,54,54,60,55,59,66,66,71,67,65,60,75,79,75,76,82,81,82,89,84,77,86,84,94,94,96,102,89,104,96,100,104,97,110,101
Austria,77,73,74,74,65,70,73,76,73,73,70,69,72,76,79,74,73,76,76,79,77,88,82,83,81,88,88,90,90,88,89,89,91,89,90,87,86,89,99,96,96,99,99,101,96,96,98,106,105,95,102,101,98,97,100,100,105,108,109
Belgium,,,,,,,,,,,,,,,,,,,,,,,,,,,,,,,,,,,,,,,,114,111,90,89,92,90,90,88,88,87,93,94,92,93,100,100,97,98,93,102
Luxembourg,,,,,,,,,,,,,,,,,,,,,,,,,,,,,,,,,,,,,,,,128,145,103,93,95,91,92,91,88,94,94,92,85,83,90,100,100,100,102,104
Denmark,56,56,55,53,53,52,52,55,52,50,51,49,48,57,53,52,55,55,57,59,60,63,61,69,70,69,69,70,72,76,78,75,81,79,85,84,85,87,89,88,90,91,91,92,92,88,89,97,97,97,100,101,99,100,100,97,103,95,101
France,72,76,70,70,72,67,69,71,66,70,69,66,70,75,72,70,67,69,74,75,73,78,75,81,78,78,81,79,78,82,79,88,81,82,85,88,89,89,90,88,83,89,85,91,91,88,86,95,99,95,100,97,95,100,100,97,103,100,102
Germany,55,57,59,56,54,56,60,61,58,60,58,58,59,60,58,56,60,62,61,61,63,67,67,70,69,72,72,73,75,83,83,83,82,78,81,84,84,84,87,88,90,87,86,93,88,89,89,99,99,97,99,99,98,102,100,102,103,102,105
Ireland,48,47,47,48,47,47,56,53,52,52,57,52,52,61,68,59,63,66,62,67,60,64,66,71,73,75,76,74,71,78,79,80,77,73,75,81,83,87,90,93,98,91,93,94,95,93,101,93,91,93,96,88,89,95,100,101,104,101,107
Netherlands,57,59,58,60,58,58,64,67,66,69,72,71,72,74,78,76,76,80,78,82,84,87,89,86,86,89,89,89,97,92,91,97,99,92,98,99,96,98,102,100,92,97,90,93,92,86,88,88,91,92,99,97,101,100,100,104,103,99,99
Switzerland,77,74,72,72,68,67,70,71,69,68,68,66,69,67,71,70,72,69,75,73,73,80,75,79,78,81,78,81,83,86,85,90,86,87,88,91,87,94,94,90,91,92,91,93,94,95,90,95,104,100,100,102,97,100,100,100,98,104,101
United Kingdom,58,59,59,61,63,64,66,65,66,71,72,72,72,78,74,72,79,80,81,85,83,84,84,90,88,86,87,87,89,93,95,99,98,96,98,96,95,97,101,100,93,98,97,97,96,94,91,99,96,98,100,92,93,98,100,95,97,95,99
Australia,50,54,55,56,53,56,52,56,55,58,60,59,62,60,66,67,67,74,71,64,67,63,73,69,70,73,72,76,76,81,79,83,85,76,83,86,85,89,93,92,91,95,77,93,90,94,80,82,89,88,90,96,97,97,100,100,100,94,86
New Zealand,39,41,40,40,40,41,43,44,45,44,44,44,43,41,43,48,46,46,47,49,51,51,53,53,58,56,55,58,56,52,55,60,60,67,69,71,74,76,70,75,72,91,94,96,96,100,94,93,91,89,88,91,91,95,100,96,93,94,95
Canada,44,50,52,49,51,53,48,53,52,50,54,53,51,48,52,61,60,61,55,58,62,65,59,60,60,65,62,57,63,70,65,64,62,65,67,69,68,71,78,80,77,72,79,90,91,85,82,96,95,95,90,89,97,97,100,101,108,107,110
United States,50,51,53,54,55,56,58,58,59,59,62,61,63,66,68,70,72,69,71,69,76,77,67,76,82,77,77,74,79,82,82,88,82,90,85,90,92,92,93,95,95,94,95,99,97,95,101,104,106,104,103,102,103,103,100,105,103,105,100
"SSA, Nigeria",92,93,93,93,92,89,89,88,91,96,87,81,79,87,81,74,77,77,77,76,78,78,78,77,81,78,79,86,89,90,96,100,102,104,106,108,109,110,113,110,109,108,106,109,110,113,102,103,95,99,90,95,89,99,100,99,96,93,92
"SSA, Western",69,66,66,68,63,66,64,66,65,65,66,64,66,65,67,65,62,62,63,63,64,61,60,62,64,66,66,66,68,66,70,71,71,70,73,77,78,81,83,85,85,86,87,88,90,89,87,92,92,93,97,97,98,100,100,99,101,101,101
"SSA, Central",68,70,71,72,72,70,73,72,70,69,68,69,69,70,70,68,67,65,66,66,67,69,68,69,69,70,68,69,70,70,72,72,72,72,68,70,68,68,67,68,67,67,68,68,73,75,77,79,80,85,86,96,99,100,100,100,101,100,100
"SSA, Eastern",93,96,96,96,92,93,97,98,100,105,102,101,103,104,108,106,109,105,101,99,104,109,107,102,106,105,108,108,110,109,111,111,109,107,112,106,104,107,112,107,110,117,108,111,113,114,114,109,109,112,109,104,104,100,100,93,91,94,94
"SSA, Horn",80,82,82,80,80,79,81,79,82,81,79,78,77,78,77,79,82,83,83,85,86,83,83,77,78,80,79,79,78,80,79,74,74,73,76,79,79,80,82,84,83,91,91,93,89,94,99,99,99,104,103,105,100,97,100,96,96,94,94
"SSA, Sahel",73,75,76,76,75,74,74,71,73,68,70,62,60,66,71,69,64,71,68,67,71,71,67,63,69,73,71,73,73,70,77,71,71,73,73,76,75,81,84,76,84,79,86,84,90,87,86,95,93,99,92,101,98,97,100,101,99,102,104
"SSA, Southern",74,75,73,75,73,75,75,72,74,71,72,74,72,73,71,72,70,70,67,66,66,65,63,65,67,67,65,69,68,68,75,68,76,74,74,79,79,79,80,82,84,76,82,83,77,82,86,86,95,97,99,101,102,102,100,98,103,104,104
"SSA, SACU",56,55,59,59,58,55,63,55,56,55,60,63,55,63,59,59,62,65,63,65,69,63,57,60,63,64,68,70,73,74,76,66,71,73,65,75,81,71,77,81,81,85,87,86,89,83,86,96,95,99,98,97,101,104,100,98,103,107,106
"SSA, Total",80,80,81,81,79,80,82,80,81,81,81,79,77,81,80,79,79,80,79,79,80,79,78,77,80,81,81,83,84,84,88,85,87,87,87,90,90,91,93,93,94,94,94,95,96,97,96,97,97,100,97,100,98,100,100,98,98,98,97
Central America,46,49,50,53,55,57,57,58,58,60,61,62,63,64,63,65,68,72,69,71,72,71,71,71,71,72,72,69,66,70,69,69,69,72,77,77,77,77,79,79,82,82,85,87,88,92,94,95,94,94,95,98,98,100,100,103,105,106,106
Caribbean,84,78,76,77,82,80,84,81,81,91,83,81,82,83,82,83,85,89,91,87,90,91,91,91,90,90,89,92,92,93,89,89,84,82,82,87,87,86,90,95,96,97,96,95,92,92,94,93,96,94,99,98,100,99,100,99,98,98,98
"SA, Andean",57,60,58,62,63,62,62,63,64,66,66,64,64,66,68,69,70,71,72,72,73,74,69,71,71,70,71,75,77,78,78,79,77,78,82,83,83,80,84,82,81,82,82,83,84,87,92,97,95,93,95,99,100,98,100,98,104,108,112
"SA, Brazil",30,30,30,29,33,30,32,32,33,33,33,33,31,33,32,32,33,32,33,36,38,37,40,37,40,39,43,44,46,44,48,45,45,48,50,51,53,55,57,62,64,66,66,66,70,74,77,85,85,87,91,91,96,96,100,97,106,107,107
"SA, Southern Cone",57,59,62,59,55,59,62,60,63,63,59,57,58,62,63,69,70,74,74,71,75,76,74,73,73,73,69,72,69,75,76,74,74,76,81,79,83,86,87,88,89,88,87,84,93,91,92,99,88,94,94,88,94,94,100,93,98,91,98
"LAC, Total",47,47,48,48,50,49,51,50,51,52,51,50,49,52,51,52,53,54,54,55,57,57,57,56,58,57,58,59,60,61,62,61,60,63,66,66,68,69,72,74,76,78,78,79,83,86,89,94,91,93,95,93,97,96,100,97,102,101,104
"Asia, Developed",38,39,40,42,43,43,45,46,47,47,48,49,49,51,53,54,57,57,59,58,59,61,62,64,66,66,67,68,68,69,69,73,72,75,76,77,79,77,79,82,83,83,83,84,85,87,89,91,93,92,93,95,97,100,100,101,102,102,103
NE Asia,39,39,40,40,42,43,43,42,42,42,41,39,41,41,40,39,39,41,42,41,42,45,47,50,50,51,52,52,52,51,52,55,61,63,67,69,70,72,73,75,75,75,76,79,81,83,85,89,90,91,92,94,96,99,100,101,103,105,105
SE Asia,41,43,43,43,42,43,42,44,45,46,47,46,48,50,50,52,52,53,54,56,57,57,56,57,57,56,56,57,58,59,60,62,63,64,67,68,67,65,68,69,71,73,76,79,81,85,87,90,90,92,94,97,98,99,100,101,106,108,109
Pacific,88,90,91,92,90,91,90,90,91,91,90,87,86,87,88,88,89,88,91,91,90,91,90,94,94,92,91,90,91,90,89,91,93,92,91,93,92,92,95,93,90,93,94,94,96,99,104,100,102,99,102,99,101,99,100,98,98,98,98
South Asia,49,49,50,50,48,47,50,51,52,54,53,51,53,52,55,54,56,57,55,56,58,57,61,61,62,61,61,64,67,67,67,68,69,70,71,72,72,72,74,73,73,69,75,74,77,80,85,86,84,89,94,97,101,101,100,103,109,113,114
"ASIA, Total LDC",40,41,41,42,42,42,42,43,43,44,44,42,45,44,45,44,45,47,47,47,48,49,51,53,54,54,54,56,57,56,57,59,63,64,67,69,70,70,72,73,73,73,76,78,80,83,86,89,88,90,93,96,98,100,100,101,105,107,108
"ASIA, Total",40,40,41,41,41,42,42,42,43,43,43,42,44,43,44,44,45,46,46,46,47,48,50,52,52,52,53,54,55,54,55,57,60,62,65,67,68,68,70,71,72,72,74,76,79,82,85,88,88,90,93,95,98,100,100,101,105,107,108
Central Asia,63,64,60,62,59,57,57,58,57,55,54,51,59,56,55,55,53,56,59,56,58,58,60,56,56,54,54,58,56,63,61,59,60,70,72,68,69,72,76,75,75,75,76,80,80,80,83,83,88,91,92,93,94,99,100,99,100,98,102
West Asia,80,82,79,80,76,77,76,74,72,73,73,73,67,74,72,71,70,73,70,74,73,74,70,71,72,77,73,76,72,78,76,77,76,79,79,82,80,87,81,85,84,88,87,87,92,91,93,91,93,95,99,99,100,98,100,98,98,98,103
North Africa,61,65,67,65,66,60,60,65,60,60,61,58,59,59,58,58,54,55,57,57,54,55,56,55,58,59,60,60,63,68,75,72,71,73,69,82,75,77,79,76,75,79,86,85,85,91,89,93,95,92,95,97,95,97,100,94,98,101,104
CWANA,70,72,71,70,69,67,67,68,66,65,66,64,64,66,66,65,63,66,65,67,66,67,65,65,66,69,67,69,67,73,74,74,73,77,77,81,78,83,81,81,81,85,86,86,89,90,91,90,93,94,97,98,98,98,100,97,98,99,104
"Europe, Eastern",78,74,69,73,69,76,75,77,71,73,72,66,76,71,67,70,68,72,67,64,62,65,67,66,64,68,68,68,72,73,67,69,73,71,71,70,71,65,67,67,71,76,76,76,78,78,80,82,85,79,85,87,90,99,100,103,107,112,118
"Europe, Central",80,77,80,80,77,83,82,82,81,77,76,79,80,79,78,81,79,81,81,77,79,83,82,85,82,86,83,84,86,90,90,85,91,84,87,88,86,88,86,84,86,86,85,95,89,91,86,94,94,91,95,93,98,103,100,107,108,106,106
"Europe, Northern",54,54,54,53,54,53,54,55,53,53,54,52,52,56,54,56,56,56,55,53,54,56,56,61,58,61,57,60,65,66,64,62,62,61,63,65,67,64,65,68,67,70,71,74,75,77,79,83,85,87,89,94,92,96,100,97,99,94,108
"Europe, Southern",37,37,39,39,40,40,41,41,42,44,42,44,47,49,50,49,49,51,54,57,56,59,59,60,60,60,64,61,67,66,70,73,72,71,70,77,79,78,82,83,83,83,85,90,87,89,88,96,97,97,100,93,99,93,100,101,97,102,97
"Europe, Western",61,63,62,61,60,60,63,64,62,64,64,62,64,68,66,64,66,68,69,71,71,74,73,77,76,77,78,78,79,83,83,88,86,83,86,88,88,89,92,91,88,91,88,93,91,89,89,96,97,96,99,97,96,100,100,99,101,99,102
"EUROPE, Total",67,66,65,66,64,67,67,68,65,66,65,63,67,67,65,66,65,68,67,66,66,69,69,70,69,70,71,70,73,75,75,76,78,75,76,78,79,77,79,79,80,82,82,86,85,85,84,90,91,89,93,91,94,98,100,102,104,104,107
OCEANIA,51,54,54,55,53,55,53,56,56,58,59,59,61,58,63,66,65,70,68,64,67,64,72,68,71,72,72,76,75,78,77,81,81,77,82,84,84,87,88,89,88,91,80,92,89,93,83,85,89,89,88,94,95,96,100,100,98,94,89
NORTH AMERICA,49,50,53,53,54,55,57,57,57,57,61,60,61,63,66,68,70,67,69,67,74,76,66,74,79,75,75,72,77,80,79,84,79,86,83,87,89,89,91,93,92,91,92,98,96,94,99,103,105,103,101,100,102,103,100,105,104,105,101
Industrialized countries,58,58,58,59,58,60,61,61,59,60,61,60,62,63,63,64,64,65,65,64,65,68,65,68,69,69,69,68,71,73,72,75,74,75,75,77,78,78,79,81,81,82,82,87,86,86,87,92,94,92,94,93,96,99,100,103,104,104,104
Developing countries,50,51,51,51,51,51,52,52,52,53,53,51,52,53,53,53,53,55,54,55,56,57,58,59,60,60,61,62,63,63,64,65,67,69,71,73,74,75,76,77,78,78,81,82,85,87,89,92,91,93,95,96,98,99,100,100,103,104,105
Low income,72,73,71,72,68,66,67,67,68,67,66,66,66,68,69,69,69,69,68,71,73,73,74,72,74,76,75,77,75,75,79,78,78,80,80,83,82,86,85,84,86,89,90,91,91,93,94,95,98,100,100,104,102,100,100,98,98,98,101
Lower-middle income,57,57,57,58,57,56,57,58,59,60,60,57,60,59,61,60,61,62,61,61,63,63,64,64,65,65,65,67,69,70,70,71,72,72,73,75,74,74,76,75,76,75,78,79,82,84,87,88,87,90,93,96,99,100,100,101,105,107,108
Upper-middle income,46,46,46,47,47,49,49,49,48,48,48,46,49,48,47,48,47,50,49,48,49,51,51,53,53,54,54,55,56,55,56,57,60,62,65,67,68,69,71,72,73,75,76,78,81,83,85,90,89,90,93,93,96,99,100,100,103,105,107
"Upper-middle income, excluding China",57,57,56,57,57,60,60,61,59,60,60,58,61,61,59,61,60,63,61,60,61,62,62,62,62,63,63,64,65,67,67,67,68,69,71,72,73,72,74,76,78,80,82,83,86,87,89,93,92,93,95,93,97,98,100,99,103,104,107
China,38,39,40,40,42,43,43,42,41,42,41,39,41,40,39,38,38,41,41,40,42,44,46,50,50,50,51,51,51,51,52,54,60,62,66,68,70,72,73,75,75,75,76,79,81,82,85,89,89,91,92,94,96,99,100,101,103,105,105
High income,52,53,54,54,54,55,56,56,55,56,57,57,58,60,61,61,62,62,64,63,66,68,64,68,70,69,69,69,71,74,74,77,75,77,77,80,82,83,85,86,86,86,85,91,89,89,90,96,97,96,98,96,98,100,100,103,103,103,102
World,58,58,58,58,58,58,59,59,58,58,59,57,59,60,59,60,60,61,61,60,62,63,62,64,65,65,65,65,67,68,68,69,70,72,73,75,76,76,78,79,79,79,81,83,85,86,88,91,91,92,95,95,98,99,100,101,103,104,105
